id,label
,
1,Tim Bradstreet
2,Garth Ennis
8193,Carrie Beadle
4,J. Michael Straczynski
8197,Chad Wayne Hardin
9,Brian Azzarello
10,Richard Corben
11,Chuck Austen
8204,Charlie Beckerman
15,Alan Moore
16,Alan Davis
17,Frank Miller
18,Jeph Loeb
19,Tim Sale
20,David Mazzucchelli
21,Kevin Smith
8209,Chris Arrant
23,David Mack
24,Brian Michael Bendis
25,Alex Maleev
26,Bill Sienkiewicz
8219,Chris Irving
28,Greg Rucka
8221,Chris Samnee
30,Stan Lee
29,Yoshitaka Amano
32,Steve Ditko
8228,Chris &quot;Doc&quot; Wyatt
42,Larry Hama
44,Chris Claremont
8237,Christopher Fama
46,Dave Cockrum
49,Darick Robertson
52,Bruce Jones
8244,Chynna Clugston-Major
55,Paul Jenkins
56,Jae Lee
59,Ben Dunn
60,Arnold Drake
8253,Colleen Coover
61,Jim Steranko
63,Alex Ross
64,Grant Morrison
8255,Corey Lewis
66,Frank Quitely
8260,Craig Rousseau
71,Mark Buckingham
72,Humberto Ramos
73,Steve Dillon
74,Chuck Dixon
75,Todd Mcfarlane
8264,Cynthia Martin
87,Mark Bagley
88,Mark Millar
91,Frank Tieri
94,Peter Milligan
95,Mike Allred
96,Jim Lee
97,Devin Grayson
8292,Daisy De Puthad
101,Carlos Pacheco
8293,Dale Crain
104,Steve Englehart
105,Sal Buscema
106,Bob Brown
8296,Dan Berman
8300,Dan Decarlo
8301,Dan Jolley
110,Christopher Priest
113,John Ostrander
114,Leonardo Manco
115,David Tischman
116,Igor Kordey
119,Mark Waid
120,Ron Garney
121,Peter David
122,Chriscross and Chris Sotomayor
123,Bill Rosemann
125,Frank Brunner
8317,Dario Brizuela
127,John Paul Leon
128,Doug Braithwaite
132,Judd Winick
8331,Dave Mccaig
142,Rod Whigham
8334,Dave Palumbo
144,Steve Gerber
143,Trent Kaniuga
146,Jim Starlin
8336,Dave Taylor
148,Gil Kane
151,Scott Sava
155,Dan Jurgens
8347,David Lafuente Garcia
8349,David Lopez
159,Joe Casey
8351,David Manak
161,Ben Raab
162,John Cassaday
8355,David Perrin
167,Kevin Sharpe
168,John Ney Rieber
8363,David Thorpe
174,Sean Chen
175,Andy Kubert
8367,Dean Motter
177,Michael Gaydos
180,Kieron Dwyer
181,Geoff Johns
182,Esad Ribic
8375,Derek Hess
184,Louise Simonson
185,Frank Cho
188,Georges Jeanty
189,Kyle Hotz
190,Brian K. Vaughan
191,Kaare Andrews
192,Stuart Immonen
193,Simon Bisley
194,Scott Kolins
195,Bruce Timm
196,Jack Kirby
8388,Don Lomax
198,Marie Severin
199,Herb Trimpe
8390,Don Mcgregor
201,Mike Grell
200,Claudio Castellini
205,M. Ryan
206,Mike Wieringo
208,Paco Medina
8400,Dr. Michael J. Vassallo
210,Bill Jemas
211,Mark Bright
8402,Dugan Trodglen
8404,Dustin Weaver
8406,Dwight Coye
215,Ann Nocenti
8407,Dynamic Forces
212,Jason Pearson
218,Keron Grant
217,Arthur Ranson
219,Kia Asamiya
222,Paul Gulacy
223,Doug Moench
228,Ron Zimmerman
229,John Severin
232,Chris Bachalo
234,Kev Walker
236,Tommy Lee Edwards
237,Jeff Jensen
8429,Dave Sharpe
239,Juan Bobillo
240,Marcelo Sosa
241,Dale Keown
242,Judith OBrien
243,Mike Mayhew
245,Jim Mahfood
248,David Finch
254,James Sturm
255,Guy Davis
256,Terry Moore
257,Rick Mays
259,Mark Gruenwald
260,Bob Hall
261,Paul Ryan
262,Paul Neary
263,Dick Ayers
267,Jim Krueger
270,Gene Colan
271,Marv Wolfman
272,Paolo Rivera
273,Leandro Fernandez
274,Tommy Ohtsuka
275,J. Torres
276,Makoto Nakatsuka
277,Terry Dodson
8475,Emily Warren
288,David Peter
290,Rodolfo Migliari
292,Gene Ha
293,Dave Gibbons
295,Clayton Henry
8487,Fabrice Sapolsky
297,Bill Everett
300,Kyle Baker
301,Robert Morales
8495,Francesco Mattina
304,Glenn Fabry
305,Don Heck
306,Phil Jimenez
308,Gary Frank
312,Mike Deodato
8505,Frank Fosco
314,Neal Adams
8504,Frank D'ARMATA
8507,Frank Marafino
317,Howard Porter
8509,Frank Strom
326,Daniel Quantz
8520,Gabriel Hardman
329,Adrian Alphona
8522,Gabriele Dell'otto
8521,Gabriel Morrissette
333,Frank Springer
334,Joe Jusko
338,Staz Johnson
339,Bryan Hitch
340,Ben Lai
343,Sam Kieth
344,Daniel Way
345,Francisco Herrera
8538,George Khoury
347,Trevor Hairsine
8540,Geraldo Borges
350,Richard Starkings
352,Tony Bedard
353,Akira Yoshida
354,Tony Daniel
355,Talent Caldwell
356,Roger Cruz
357,Jim Cheung
358,Allan Heinberg
8211,Chris Buchner
360,Justin Ponsor
8212,Chris Burnham
362,Scott Hanna
365,Pasqual Ferry
366,Mike Carey
367,Ed Brubaker
368,Simon Furman
369,James Raiz
370,Eric Jerome Dickey
371,David Hine
372,Angel Medina
374,Steve Epting
375,Bob Harras
376,Gerard Jones
379,Greg Capullo
380,Jeff Johnson
8571,Guru-eFX
382,Rik Levins
381,Stephen B. Jones
384,Rurik Tyler
385,Don Glut
386,Rick Hoberg
387,Bill Black
388,Alan Kupperberg
389,Jim Mooney
391,Orson Scott Card
8584,Harvey Tolibao
393,Casey Jones
392,Dwayne Mcduffie
394,Eric J. Moreels
8585,Hector Oliveira
397,Al Williamson
400,Keith Giffen
402,Roger Langridge
404,Dick Giordano
408,Carl Burgos
411,Christina Weir
412,Carlo Barberi
8605,Ian Gibson
8606,Ig Guara
415,Derec Aucoin
413,Juan Vlasco
414,Colin Mitchell
418,Rob Rodi
419,Steven Cummings
420,Sandu Florea
421,Karl Bollers
423,Rick Ketcham
424,Udon Comics
425,Greg Land
426,Jason Keith
427,Tim Townsend
428,Antonio Fabela
430,Edgar Delgado
431,Paul Smith
432,Andy Park
8623,Diogo Saito
434,Michael Ryan
435,Al Milgrom
436,Adi Granov
437,Lan Medina
438,Karl Kesel
440,Mark Farmer
442,Dean White
444,Tom Raney
447,Victor Olazaba
448,Billy Tan
449,Brian Haberlin
8640,Isaac Cordova
8643,Ivan Brandon
452,Virtual Calligr
453,John Watson
454,Mark Morales
8647,J.K. Woodward
8648,Jacen Burrows
8652,Jacob Chabot
8653,Jacopo Camagni
460,Tony Harris
465,Paul Azaceta
8658,James Asmus
469,Craig Yeung
471,Dexter Vines
474,Andrea DI Vito
475,Laura Villari
8669,Jamie Delano
8671,Jamie Mckelvie
480,Cam Smith
481,Barry Kitson
483,Tom Grummett
485,Andy Lanning
486,Scott Koblish
8678,Jared K. Fletcher
8680,Jason Armstrong
489,Philip Tan
490,Pat Lee
8683,Jason Chan
8684,Jason Craig
8677,Janice Parker
494,Joshua Middleton
495,Takeshi Miyazawa
496,Andi Watson
8689,Jason Lewis
491,Mark Ricketts
8685,Jason Geyer
500,Christopher Sotomayor
8695,Jason Paz
504,Steve Sadowski
505,Andrew Currie
506,Joe Bennett
8698,Jason Starr
8700,Javier Fernandez Barranco
509,Michael Lark
510,Stefano Gaudiano
8701,Javier Grillo-Marxuach
512,Lee Bermejo
515,Joseph Michael Linsner
518,Al Vey
519,Gail Simone
521,Reginald Hudlin
523,Bill Reinhold
524,Steve Ellis
525,Joe Corroney
8718,Jeff Lafferty
527,Tom Palmer
529,June Chung
530,Andy Brase
532,Brandon Peterson
536,Greg Pak
8728,Jefte Palo
537,Carlo Pagulayan
8729,Jelena Kevic Djurdjevic
540,Aaron Lopresti
538,Jeffrey Huet
543,Mark Robinson
545,Duncan Fegredo
8737,Jerome Opena
546,Brian Ashmore
548,Andrew Hennessy
549,Lewis Larosa
552,Wade Von Grawbadger
553,Robert Kirkman
554,Ben Oliver
555,Mizuki Sakakibara
8748,Jill Thompson
8744,Jesse Blaze Snider
559,Paul Pelletier
560,Rick Magyar
563,Vince Russell
8758,Jim Rugg
567,Neil Gaiman
568,Art Thibert
569,Sean Phillips
570,Klaus Janson
571,Rob Liefeld
8764,Jock
8762,Joao M.P. Lemos
8766,Joe Ahearne
574,Simon Coleby
576,Jon Proctor
8769,Joe Cooper
8770,Joe Edkin
578,Fiona Avery
575,Brian Stelfreeze
583,Eddie Campbell
8775,Joe Sabino
585,Will Conrad
586,Michael Kelleher
588,Robert Teranishi
589,Nelson Decastro
592,Rachel Dodson
597,Tom Mandrake
600,Clayton Crain
8794,John Mccrea
602,Pat Quinn
8795,John Miller
8797,John Nadeau
606,Tsutomu Nihei
8799,John Ridgway
607,Damion Scott
609,Samm Barnes
610,Matt Ryan
613,Khary Randolph
614,Manuel Garcia
8806,John Timmons
616,Jay Leisten
8810,Jon B. Cooke
8811,Jon Buran
619,Jo Chen
621,Adriana Melo
8813,Jon Ennis
8814,Jon Malin
623,Watson Jemas
627,Christina Strain
8821,Jordan Raskin
630,Rai Lai
632,Stefano Raffaele
8825,Jorge Molina
8826,Jorge Santamaria
633,Weir DeFilippis
8827,Jorge Zaffino
637,Matthew Clark
8830,Jose Armenta
8828,Kano
8832,Jose Higon
641,Javier Saltares
643,Stuart Moore
644,Marc Guggenheim
645,Laurence Campbell
646,Rob Williams
8836,Jose Villarrubia
648,Simone Bianchi
649,Ed Mcguinness
647,Kris Justice
651,Brent Anderson
8838,Joseph Clark
653,Greg Tocchini
8847,Joshua Williamson
8848,Josue Justiniano
657,Karl Moline
658,Ron Lim
8849,Joyce Chin
656,Dante Bastianoni
661,Patch Zircher
655,Cliff Richards
663,Shane Davis
8856,Julian Lopez
665,Reilly Brown
670,Raul Trevino
8865,Karl Kerschl
674,Goran Parlov
8866,Karl Waller
676,Warren Ellis
678,Kevin J. Anderson
682,Todd Dezago
684,Mike Raicht
685,Gus Vazquez
8879,Kelly Goodine
688,Michael OHare
690,Patrick Scherberger
691,Jonboy Meyers
8885,Ken Knudtsen
694,Mark Brooks
699,Norman Lee
700,Logan Lubera
702,Sheldon Allen
704,Erik Larsen
707,Matt Manning
708,Mike Perkins
8901,Kieron Gillen
710,Joe Hill
711,Joshua Ortega
712,Seth Fisher
713,Ryan Sook
715,Petar Bridges
716,Drew Johnson
717,Cully Hamner
718,Marc Sumerak
720,Pia Guerra
721,Brian Reed
722,Jason Miller
724,Alberto Dose
726,Tom Beland
8924,Lauren Sankovitch
733,Adam Dekraker
8926,Laurie Smith
735,Travel Foreman
736,Jai Nitz
734,Lee Barnett
8930,Lea Hernandez
739,Lee M. Ferguson
741,Alex Sanchez
8933,Lee Garbett
743,Paul Di Filippo
745,Yvel Guichet
748,David Hahn
750,David Aja
751,Christopher Long
753,John Lucas
757,Clay Mann
758,Leinil Francis Yu
8950,Lucio Parrillo
762,Gary Erskine
764,Bart Sears
766,Robert Hunter
770,Chris Brunner
774,Morry Hollowell
775,Jim Muniz
8969,MK - Darick Robertson
778,Valentine De Landro
780,Kevin Maguire
782,Allan Jacobsen
784,Kevin Lau
785,Jim Mullaney
786,Ricardo Mays
789,David Yardin
791,Tom Orzechowski
792,Joseph Dodd
796,John Layman
8991,Lee Weeks
799,Joss Whedon
801,Craig Kyle
802,Jaime Mendoza
800,Brad Vancata
804,Duncan Rouleau
805,Mike Norton
807,Comicraft
808,Howard Chaykin
810,Hans Rodionoff
811,Richard K. Morgan
814,Pablo Raimondi
816,Shin Nagasawa
820,Leonard Kirk
823,Federica Manfredi
824,Jeff Parker
9018,Mahmud Asrar
827,Carmine DI Giandomenico
829,Jay Faerber
831,Steve Niles
833,Justin Gray
835,Joe Lansdale
836,Byron Penaranda
838,Jamie Tolagson
9031,Marcio Takara
840,Adam Warren
9033,Marco Santucci
9034,Marco Turini
9035,Marcos Marz
9038,Marcus to
848,Peter Johnson
849,Matt Cherniss
9042,Maria-Emiko Macuaga
851,John Higgins
9046,Mario Alberti
9047,Marjorie Liu
854,Oclair Albert
857,Koi Turnbull
859,Karl Zinsmeister
866,Chris Gossett
867,Cory Walker
869,Phil Hester
870,Ande Parks
871,Andy Kuhn
872,Marte Gracia
873,Lou Kang
874,Pop Mahn
877,Cliff Rathburn
9071,Mary Kea Huckabee
9072,Mary Mitchell
879,Shaenon Garrity
882,Marat Mychaels
881,Brandon Thomas
9077,Matt Haley
887,Ronald Byrd
888,Michael Hoskin
9081,Matteo Lolli
890,Daniel Knauf
891,Charles Knauf
9084,Matthew Marsilia
892,Chris Weston
894,Marcos Martin
9086,Matthew Smith
896,Stuart Vandal
9089,Max Fiumara
897,Sean Mcquaid
9090,Max Frezzato
900,Barry Reese
898,Bill Lentz
899,Mark OEnglish
903,Anthony Flamini
902,Jeff Christiansen
9096,Michael Cho
906,Mike Fichera
905,Al Sjoerdsma
904,Chris Biggs
9094,Metropolis Comics
9103,Michael Eury
913,Francis Portela
914,John Stanisci
918,Ty Templeton
921,Kitty Fross
923,Erica David
9117,Michael Zagari
925,Cameron Stewart
926,Cory Hamscher
928,Andy Smith
930,Richard Green
9123,Miguel Angel Sepulveda
933,Tom Peyer
934,Mike Manley
935,Todd Nauck
9127,Mike Benson
937,Renato Arlem
9130,Mike Conroy
9131,Mike Duffin
940,Roy Allan Martinez
941,Rick Burchett
942,Mike Hawthorne
9137,Michael Mckone
946,Jim Shooter - Duplicate
947,Joe Simon
945,Larry Lieber
949,Alex Schomburg
950,Ed Herron
9145,Mile High Comics
9146,Milo Manara
954,Gerry Conway
955,Mike Ploog
957,Val Mayerik
958,Roger Stern
959,Tom Sutton
960,Sal Velluto
956,Werner Roth
962,Stan Goldberg
961,Ben Thompson
964,Don Perlin
965,Ed Hannigan
9155,Molly Crabapple
967,Len Wein
968,Frank Robbins
969,Mitch Breitweiser
970,Dennis Calero
974,Jeff Eckleberry
975,David a. Williams
9175,Neil Hansen
9177,Neil Vokes
986,Tom Derenick
987,Matt Wagner
9183,Nicholas Gurewitch
9184,Nicholas Pitarra
9190,Nick Derington
1000,John Burns
1001,Brendan Cahill
1003,William Rosado
1004,Daniel Acuna
1005,Carlos Magno
9199,Norm Dwyer
9200,Nuno Plati
9201,Nunzio Defilippis
1010,Arnold Pander
1011,Russ Braun
1009,Tom Sniegoski
1014,Rick Veitch
9207,Oscar Jimenez
1016,Eduardo Francisco
1015,Charlie Huston
1017,Eric Canete
9208,Pacific Rim Graphics
1018,Rafa Garres
1021,Doug Alexander
1019,Derec Donovan
1020,Fabrizio Fiorentino
9213,Pasquale Qualano
1026,Tyler Kirkham
9220,Patrick Spaziante
9222,Paul Acerios
9224,Paul Davidson
9226,Paul Grist
1034,Colleen Doran
1035,Khari Evans
1040,Jay Anacleto
1041,Andy Diggle
9233,Paul Renaud
9234,Paul Rivoche
1048,Luna Brothers
1052,Mike Choi
1054,Juan Doe
1057,Arthur Suydam
9250,Peter Ferguson
1059,Lisa Kirby
1060,Steve Robertson
1061,Mike Thibodeaux
1063,Frazer Irving
1064,Nick Dragotta
1066,Tom Smith
1067,Madison Carter
1068,Brian Denham
1069,Damon Lindelof
1072,Chad Anderson
1074,Eduardo Barreto
9266,Phillip Bond
9272,Piotr Cieslinski
1081,Tania Del Rio
1082,Ariel Olivetti
1084,Tim Fish
9277,R. a. Jones
1086,Robert Fleming
9278,R. Kikuo Johnson
1087,Kirsten Sinclair
1089,Sol Brodsky
1092,Paul Cornell
9286,Ramon Rosanas
1095,Rich Margopoulos
1096,Eric Wight
1098,Doug Alexander Gregory
1103,Khoi Pham
9296,Ray-Anthony Height
1106,Gregory Titus
1107,Dan Abnett
9301,Rebecca Higgins O'Dell
1113,Sana Takeda
1114,Claire Wendling
9307,Rian Hughes
1117,Javier Rodriguez
1120,Tamora Pierce
1121,Timothy Liebe
1122,Philippe Briones
1123,Pascal Alixe
9317,Richard Elson
1126,Juan Santa Cruz
1125,Shannon Gallant
9320,Richard Muchin
1129,Yanick Paquette
1132,Matt Fraction
1133,Stefano Caselli
9325,Rick Spears
1136,Billy Tucci
1137,Al Rio
9328,Rick Zombo
1139,Alexander Irvine
1140,Chris Giarrusso
1141,Giuseppe Camuncoli
1144,Scott Gray
1145,Jeremy Haun
9337,Rob London
1148,Brett Booth
1149,Laurell K. Hamilton
1150,Stacie M. Ritchie
1151,Roland Bernard Brown
9344,Robert Atkins
1153,Miguel Montenegro
1154,Raymond E. Feist
1156,Ryan Stegman
1161,George Perez
1162,Terry Kavanagh
1163,Tom Lyle
1164,Alex Saviuk
9355,Robert Sodaro
9357,Robert Vendetti
1167,Ross Andru
1168,All Thumbs Creative
9360,Roberto Castro
1169,William Messnerloebs
1172,Tony Dezuniga
9364,Rod Reis
9366,Rodolfo Damaggio
9367,Rodolfo Muraguchi
1176,Joe Kubert
1177,Tony Isabella
1178,Archie Goodwin
1179,George Evans
9371,Roland Boschi
1180,Wally Wood
1182,Sal Trapani
1181,Mike Sekowsky
9368,Roger Bonet
1185,Pat Broderick
1183,George Tuska
1184,Arvell Jones
1188,Jamal Igle
1186,Jack Abel
9377,Romano Molenaar
9378,Rommel Alama
1192,Ian Churchill
1193,Joe Pruett
1189,Ryan Odagawa
1194,Robert Weinberg
1196,Roger Mckenzie
1190,Dax Gordine
1201,Louise Ann Gikow
9393,Salgood Sam
1207,Bill Jaaska
8381,Digikore Studios Ltd.
1209,Gary Friedrich
8382,Diogenes Neves
1212,Dan Adkins
1214,Elliot S. Maggin
1215,Billy Graham
1216,Rich Buckler
9408,Sara Pichelli
1217,Joe Staton
1219,Ron Wilson
1220,Jim Craig
1221,John Francis Moore
1222,Joe Madureira
1223,John Bolton
1218,Harlan Ellison
1224,Hi-Fi Design
1226,Dennis Oneil
1227,David Lapham
1231,Kurt Busiek
1232,Jerry Ordway
9425,Sean Galloway
9423,Scott Wegener
1235,Craig Russell
1236,Michael Fleisher
9429,Sean Mckeever
1237,Roger Slifer
1238,Jack Sparling
1240,Joe Sinnott
1239,Jerry Siegel
9432,Sean Ryan
1244,Tom Ziuko
1245,Mike Friedrich
1246,Larry Stroman
1247,Bob Layton
1248,Ken Lashley
1249,Steve Skroce
1250,Jeff Purves
9443,Shawn Crystal
1252,Rick Leonardi
1251,Brett Breeding
9437,Serge Lapointe
1255,Ivan Reis
1256,Syd Shores
1253,Greg Theakston
1258,Alfredo Alcala
1259,Virgilio Redondo
1260,Yong Montano
1261,Tony Dipreta
9454,Stan Sakai
9451,Sonny Liew
9457,Stefano Landini
1266,And More
1267,Keith Pollard
1268,More
9461,Stephanie Buscema
9458,Stephan Roux
1272,Carmine Infantino
1273,Scott Edelman
9466,Stephen Molnar
1275,Kevin Nowlan
9468,Stephen Segovia
1277,Bret Blevins
9469,Stephen Thompson
1279,Jon Bogdanove
1280,Linda Fite
1281,Dwayne Turner
1282,Ralph Macchio
1283,Wesley Wong
1284,Michael Higgins
9476,Steve Darnall
1286,Howard Mackie
1287,Al Hartley
1288,Jerry Bingham
1289,Robert Bernstein
1290,Alan Weiss
9482,Steve Lieber
1292,Anthony Williams
1293,Steven Grant
9484,Steve Mcniven
1295,Mike Esposito
1291,Gray Morrow
1297,Jo Duffy
1298,June Brigman
1299,Steve Lightle
1300,Terry Shoemaker
1301,Tom Grindberg
1303,Paul Gustavson
1304,Al Anders
1305,Steve Dahlman
1306,Paul Reinman
1307,Steve Yeowell
1310,Mary Jo Duffy
1311,Lee Elias
1314,Sam Grainger
1315,Steve Leialoha
1317,Mike Carlin
1322,Mary Wilshire
1324,Carla Conway
1326,Dan Green
9519,Ted Halsted
9520,Ted Mckeever
1329,Ethan Van Sciver
1330,David Anthony Kraft
1331,Mike Vosburg
1332,Brandon Choi
1333,Jim Valentino
9521,Ted Naifeh
1335,Joe Phillips
1337,Ed Benes
1338,Ryan Benjamin
1340,James Robinson
1341,Norm Breyfogle
1342,Russ Heath
1343,John Totleben
9537,Thomas Florimonte
1346,Lee Hammock
1347,Brett Lewis
1348,Andrew Robinson
1349,Ed Lee
1350,Jean Moebius Giraud
1351,Bob Powell
1352,Mike W. Barr
1353,Greg Larocque
1354,Rob Haynes
1355,Howard James
1356,John Forte
1357,Harry Sahle
1358,Al Avison
9550,Tim Seeley
1359,Wayne Boring
1361,Tom Mullin
1362,Thomas Yeates
9554,Timothy Zahn
9556,Todd Britton
9555,Toby Cypress
1363,George R. r. Martin
1364,Ben Avery
1368,Niko Henrichon
1369,Gerald Parel
1370,Chris Kipiniak
1371,Terry Pallot
1372,Mico Suayan
9565,Tom Defalco
9564,Tom Cohen
1374,Sonia Oback
9573,Tom Scioli
9577,Tomas Giorello
1387,Adriano Batista
9580,Tonci Zonjic
1388,Jake Black
1389,Fabiano Silva Neves
1393,Dennis Jensen
1394,Bob Budiansky
9586,Tony Moore
1396,Ron Randall
1397,Kevin West
1399,Michael Lent
1400,Bong Dazo
1401,Afua Richardson
1406,Kano
9598,Kenneth Rocafort
1411,Mike S. Miller
1421,Tomm Coker
9614,Tristan Schane
1423,David Sexton
1424,James Fenimore Cooper
1426,Denis Medri
1428,James Cordeiro
1429,Vitor Ishimura
1430,Ronan Cliquet
1433,Mike Avon Oeming
1437,Ray Gill
1439,Al Gabriele
1442,Ed Robbins
1444,Basil Wolverton
1446,Sid Greene
1447,Don Rico
1448,Carl Pfeufer
1449,George Klein
1450,Ken Bald
1451,Charles Nicholas
1452,Vince Alascia
9644,Vasilis Lolos
1454,Jimmy Thompson
9647,Victor Gischler
1456,Jack Binder
9643,Valerie D'ORAZIO
1453,Allen Simon
1460,Harold DeLay
9654,Vincenzo Cucca
1469,Bill Finger
9666,Wayne Vansant
9669,Werther Dell'Edera
9670,Wes Craig
1480,Jack DArcy
1481,Hank Chapman
1483,George Kapitan
9677,Will Pfeifer
1485,Andrew Mcwhiney
1488,Ray Houlihan
9681,William Messner-Loebs
1491,Ed Winiarski
1492,Bob Oksner
1493,Chad Grothkopf
1494,Al Fagaly
9683,William Jacob Rougemont
1495,Louis Ferstadt
9689,Wyatt Cenac
9688,Wing Shin Ma
1499,Otto Binder
1509,Reed Crandall
1510,Ray Cummings
1511,Mac Raboy
1512,Zac Gabel
1515,Vic Dowd
1518,George Mandell
1519,Frank Giacoia
1523,Vince Colletta
1524,Alex Toth
9718,Jess Harold
1527,Jay Scott Pike
1530,Bob Forgione
9729,Ardian Sayif
1547,H.e. Huntley
1560,Chic Stone
1576,Joe Maneely
9775,Mateus Santolouco
9778,Nathan Fox
1586,Sam Kweskin
9779,Nancy Butler
1602,Fred Kida
9799,David Baldeon
1612,John Buscema
1616,Vic Carrabotta
1620,Jack Katz
1623,Robert Q. Sale
1626,Al Eadeh
1627,Mort Lawrence
1631,Sy Moskowitz
1633,Kurt Schaffenberger
1634,Norman Maurer
1636,Joe Orlando
1639,Jack Keller
1641,Mort Meskin
1661,Jack Davis
1675,Howard Post
1676,Gantz
1709,Johnny Craig
9937,Jim Charalampidis
9943,Gianluca Gugliotta
9965,Will Panzo
9967,Jim Mccann
9970,Avalon Lan Medina
9983,Ernie Hart
1791,Script Pages
9992,Tim Levins
9998,Elena Casagrande
9999,Eugene Son
10000,J. Christopher Schmidt
10004,Mike O'sullivan
10009,Andres Guinaldo Isabel
1819,Rick Parker
1827,John Byrne
10023,Cullen Bunn
10025,Ryan Dunlavey
10027,Kevin Garcia
1837,Pablo Marcos
10033,Gabriel Guzman
10035,Zachary Baldus
10037,Matteo Casali
10045,Seth Grahame-Smith
10049,Chris Staggs
10051,Steven Sanders
10053,Michael Chatham
1863,Carl Potts
10055,Guillermo Ortego
10056,First Edition Publishing, Inc.
10059,Chris Acosta
10061,Ibraim Roberson
10062,Marc Bernardin
10063,Jake Bilbao
10066,Matt Kindt
10067,Michael Kupperman
10071,THOMAS PICCIRILLI
10076,Max Cannon
10077,Tony Millionaire
10082,Dalibor Talajic
10083,Aaron Johnston
10087,Elia Bonetti
10090,Joe Quinones
10092,Kai Spannuth
1901,Tom Morgan
10093,Brannon Bragga
10098,Bob Bolling
10099,Warren Kremer
10100,Sid Jacobson
1909,Steve Buccellato
10102,David Gallaher
10103,Jason Shawn Alexander
10104,David Liss
1912,Gracine Tanaka
1914,Dan Panosian
10107,Mirco Pierfederici
10108,Marco Castiello
1917,Kevin Tinsley
10113,Ryan Devall
10115,Neil Edwards
10116,Arturo Lozzi
10117,Chris Jones
1926,Mike Mignola
10119,Andrea Mutti
10120,Roberto DI Salvo
10118,David Wellington
10124,Alessandro Vitti
10125,Emma Rios
1932,Ed Lazellari
10131,Pow Rodrix
1940,Karl Altstaetter
10132,Allan Jefferson Souza
10134,Andres Guinaldo
10135,Michael Kronenberg
10136,Kyle Higgins
1945,Mark Bernardo
10137,Michele Bertilorenzi
10141,Rebekah Isaacs
10143,ALEX MASSACCI
10144,Pepe Larraz
10145,Alec Siegel
10146,Gabriel Hernandez Walta
10147,Scott Reed
10149,Peter Vale
1958,Jeff Powell
10154,Miguel Angel Munera Sancho
10156,Francesca Ciregia
10157,Antony Johnston
1967,Brad K. Joyce
1969,Joe Pimentel
10171,Joshua Fine
10174,Greg Weisman
10178,Sean T. Collins
10180,Harrison Wilcox
10182,Felix Ruiz
10186,James Harren
10188,Miguel Munera
10189,ALBERTO VARANDA
10190,ANGE
10200,Jonathan Maberry
2010,Gene Day
2011,Mike Nasser
10204,Hector Enrique Sevilla Lujan
2027,Luke Mcdonnell
2028,John Morelli
2029,Winslow Mortimer
2030,Bob Wiacek
2039,Bob DeNatale
2042,Charles Vess
2043,Eliot Brown
2044,Carlos Garzon
2046,William Johnson
2050,Denys Cowan
2056,Nel Yomtov
2059,Mike Harris
2062,Jim Fern
2064,Art Nichols
2067,Steve Geiger
10264,Chris Stevens
10271,Sergio Arino
2081,Chris Marrinan
10273,Sarah Cross
10275,Leonel Castellani
10277,Mark Britt
2093,Eric Fein
10288,Marko Djurdjevic
2103,Dana Moreshead
2112,Larry Alexander
10306,Matt Yocum
2120,Liam Sharp
2124,Shawn Mcmanus
10317,Matteo Scalera
10320,Kelly Sue Deconnick
10322,Mike O Sullivan
2133,Tom Brevoort
10326,Ming Doyle
10328,Lucy Knisley
10329,G. Willow Wilson
10332,Kate Beaton
10334,Gilbert Hernandez
10336,Jaime Hernandez
2148,Title
10344,Juan Jose Ryp
10346,Grace Randolph
10353,Ramona Fradon
10355,Carlos Gomez
10363,John Rhett Thomas
10365,Robin Furth
10380,Scott Gimple
2190,Rudy Nebres
10388,Steve Stiles
10389,Ben Brown
10390,Mort Gerberg
10391,Lenny Herman
10392,Justin Theroux
10393,Sylvain Guinebaud
10399,Faith Erin Hicks
10402,Aluir Amancio
2212,Ricardo Villamonte
10405,John Tyler Christopher
10409,Zeb Wells
2224,Don Newton
10427,Steven Hoveke
10432,Dave Johnson
10433,Alvaro Lopez
10443,Federico Dallocchio
10445,Iban Coello
2256,John Wellington
2261,Chris Ivy
2263,James Fry
2264,Kent Williams
10458,Russ Chappell
10459,Kevin Wasser
2267,Jim Reddington
10461,Carla Speed Mcneil
10462,Emma Vieceli
2278,Paul Abrams
2279,R. Jones
2283,Kirk Jarvinen
10477,Benjamin Dewey
10478,Giancarlo Caracuzzo
10479,Esdras Cristobal
10483,Daniel HDR
2292,Gordon Purcell
2291,Hector Collazo
2296,Glenn Herdling
2297,Mike Gustovich
2300,Jim Hall
2302,Jan Duursema
10494,Agnieszka Garbowska
2306,Yancey Labat
2311,Stewart Johnson
2318,Jeffrey Moore
2321,Jeff Matsuda
2329,Fabio Laguna
2333,Frank Lopez
2338,Luke Ross
2340,John Statema
10532,HARRY ARTHUR SUYDAM
2376,James Brock
10572,ALEC FRANCIS SIEGEL
2381,George Caragonne
2387,Mark Pacella
2388,Brian Pelletier
10581,Vero Gandini
2392,Bonnie Wilford
2428,Joe Kelly
2461,Linda Grant
2468,Steve Mellor
10666,Jess Harrold
2476,Louis Williams
10669,FIRM 15
2477,Chuck Patton
2488,Kevin Kobasic
2490,Sergio Cariello
2502,Ron Wagner
2503,James Felder
2507,Cary Nord
2509,John Rozum
2526,Richie Acosta
2527,Jonathan Barron
10732,KNIGHT AGENCY, INC.
10759,Jeff Lemire
10772,BRIAN JAMES REED
10778,EMMA MARIA RIOS MANEIRO
10785,Stephanie Hans
2626,Alan Zelenetz
2630,James Owsley
10824,Whilce Portacio
2644,Ricardo Villagran
2651,Gary Hartle
2652,Randall Frenz
2673,Ron Marz
2674,Bruce Zick
2681,Glenn Greenberg
2683,Robert Walker
10875,PACIFIC RIM GRAPHICS LTD
2689,Frank Toscano
10886,METROPOLIS COLLECTIBLES
2695,Armando Gil
2697,Butch Guice
2706,Dann Thomas
2709,Vince Mielcarek
2712,Richard Howell
2713,Gary Barnum
2720,Mike Bair
2721,Ed Murr
2722,Scott Benson
10915,Romina Moranelli
2724,Jean-Marc Lofficier
2725,Randy Lofficier
10918,MICHAEL SUAYAN
10928,JORGE CARLOS MOLINA MANZANERO
2747,John Warner
2755,Mike Royer
10950,Robin C. Ha
2771,Paul Kupperberg
2784,David Michelinie
2797,Roy Richardson
10991,STAN LEE DBA SL PRODUCTIONS
11000,Francesco Artibani
11002,Mick Anglo
11009,WILLIAM P. MURRAY
2820,Dan Day
2821,Phil Gosier
2822,Dave Hoover
2835,Pino Rinaldi
11041,ROBERT J. SODARO
11044,Mark Armstrong
11045,Eric Cartier
11052,STEVEN MARK SANDERS
2861,Bernie Wrightson
11063,Terry Kevin Austin
2879,Adam Kubert
11071,SCOTT RICHARDSON
2884,Mimi Gold
11092,Jenny Frison
2909,Roy Thomas
11122,Gabriel Ba
11123,Mary H.K. Choi
11133,Ben Mccool
2949,Dan Reed
2954,Gary Barker
2955,Tom Field
2958,Andrew Wildman
2961,Lee Sullivan
11155,Micah J. Gunnell
2964,Chris Renaud
2965,Frank Teran
2970,Jeff Rebner
2975,David Brewer
2983,Richard Case
2985,Javier Pulido
2986,Sean Parsons
11180,LUCIANO QUEIROS DBA LUKE ROSS
2989,Matt Idelson
2997,Fred Hembeck
11197,Vincent D. Hernandez
11204,Fabio Moon
3030,Scott Williams
3031,Dennis Mallonee
3047,Kevin Hopgood
3051,Tom Tenney
3053,Don Cameron
3054,Allyn Brodsky
3057,Dave Chlystek
3058,Fred Haynes
11253,HARVEY PEKAR
11255,Gene Luen Yang
11263,Emanuela Lupacchino
3073,Marc Campos
3075,Robert Kanigher
11268,Davide Gianfelice
11275,CHRISTOPHER EMANUEL WILLIAMS
11280,MARK J. SIMMONS
11281,DANNI LUO
3095,Blank
11289,JOSEPH J. SUITOR
11294,David Jason Latour
3105,Jerry Decaire
3106,Ernie Stiner
11300,Renato Guedes
11303,CAIO REISS
11306,Jason Latour
11307,Tom Fowler
11308,Matt Camp
11309,Mike Del Mundo
3119,Steve Gan
3131,Mark Evanier
3133,Gardner F. Fox
3134,Irv Wesley
3138,Pat Mills
3140,Steve Moore
11333,BRIAN CLAY MOORE
11335,FRANKLIN MARRAFFINO
11341,Stephane Perger
11345,Mirko Colak
11347,Brandon Montclare
11354,Declan Shalvey
11361,PETER VUONG NGUYEN
11362,NICOLA MERANTE
3180,Sonny Trinidad
3186,Vicente Alcazar
3197,Mary Skrenes
11394,Andie Tong
11396,Rafael Grampa
11398,Adam Archer
11400,Shane White
3221,Bill Wray
11414,Clark Gregg
11419,Barry Windsor-Smith
3227,Steve Skeates
11421,Roberto Delatorre
11420,Vincent Villagrasa
3233,Peter Gillis
11434,Nick Spencer
11435,Mike Henderson
11437,Janet Lee
11440,George Parlett
11441,James Bleach
11442,Deon Nockuls
3254,Bill Flanagan
3260,Bill Willingham
11457,Fernando Blanco
11463,Jason Aaron
11467,Dean V. White
11469,Jordi Tarragona
11475,Felix Ruiz Ruiz
11484,Seth Mann
11488,Julian Totino Tedesco
11489,Michael Broussard
11491,Michael Babinski
11496,Victor Varnado
11501,Mark Texeira
11511,Jeffrey C. York
11521,Greg Horn
11525,Christian Nauck
3337,Jim Sherman
11530,Sam Humphries
11531,Ramon Perez
11539,Christopher Yost
3347,Kelly Jones
11543,Dan Brown
11544,Brian Wood
11555,Roberto Pascual De La Torre
11560,Dalibor Talajic
3371,Brian Postman
3374,Jeff Aclin
11575,Kris Anka
3386,Sanho Kim
11579,Sunny Gho
3389,Ian Akin
3390,Brian Garvey
11583,Kevin Walker
3393,Sven Larsen
3394,Craig Brasfield
11586,Nicholas Spencer
3396,Frank Turner
3401,Manny Galan
11595,Alejandro Garza
3404,Dario Carrasco Jr.
11600,Anthony Cotilletta
3410,Steve Purcell
3411,Hugh Haynes
3412,Marcus Mclaurin
3414,James D. Hudnall
3415,John Calimee
11610,David Marquez
11611,Eric Pearson
11614,Rafa Lopez Blanco
3436,Bo Hampton
3441,Dwight Jon Zimmerman
3446,Guang Yap
3447,Michael Zeck
11647,Tom Brennan
3456,Gavin Curtis
3459,Judy Bogdanove
3478,Bill Wylie
3483,Mark Beachum
11680,Gerry Duggan
3507,Roy Burdine
3521,Cindy Martin
3524,Adam Blaustein
11725,Connor Willumsen
3535,Steve Butler
11735,Laura Allred
11737,Daniel Ketchum
11743,Jonathan Hickman
3555,Donald Hudson
11748,Marco Checchetto
3562,Vince Giarrano
11757,Salvador Larroca
3568,Cary Bates
3572,Kelly Corvese
11765,Christos Gage
3577,Greg Luzniak
3580,Paul Borges
3593,Eric Battle
3595,Dietrich Smith
11788,Jennifer Van Meter
11791,Justin F. Aclin
11798,Matteo Buffagni
11799,Nathan Edmondson
11801,Brian Posehn
3610,Lee Moder
3611,Joseph Harris
3612,Nghia Lam
3609,Trevor Scott
3633,Chris Batista
3634,Buzz
3637,Scott Lobdell
3640,John Arcudi
3642,Rob Stotz
11835,Rick Remender
3644,Mel Rubi
3646,Dale Eaglesham
3648,Chris Wozniak
3651,Seth Kruchkow
3652,Mark Badger
3655,Will Simpson
3664,Matthew Ryan
3667,Richard Ashford
3671,Chris Cooper
3673,Robert Brown
3674,John Royle
3682,Darrick Gross
3683,Jeff Moy
11875,Nick Bradshaw
11879,Stephen Wacker
3692,Freddy Mendez
11886,Francesco Francavilla
11887,ART &amp; COMICS INT'L
3703,Barry Dutter
11898,Joseph Keatinge
11901,Dennis &quot;Hopeless&quot; Hallum
11904,Dexter Soy
3715,Chris Henderson
11912,Valerio Schiti
11913,Christopher a. Jones
11914,William Reilly Brown
3722,Paris Karounos
11917,Seth Peck
3727,John Figueroa
11922,Yves Bigerel
3733,Sandy Plunkett
3736,Chuck Kim
3738,Colin MacNeil
11930,Tradd Moore
3740,Mariano Nicieza
11931,Jeff Lindsay
3743,Mindy Newell
11937,Clay Mcleod Chapman
11938,Jacob Semaan
3750,Patrick Archibald
3754,Mike Lackey
3759,Robert Davis
3766,Malcolm Jones
11959,Christopher W. Sebela
11961,Luciano Vecchio
11965,William Sliney
3779,John Czop
3780,J.j. Birch
3782,Kris Renkewitz
11975,Raul Alfonso Veldes Segura
11976,Peter M. Woods
3787,Malcolm Davis
11983,Marco Rudy Teixeira Retagi
3796,Evan Skolnick
3797,Guy Dorian
3798,John Stokes
3802,Patrick Rolo
3804,Alan Cowsill
3807,Scott Elmer
3811,Charlie Adlard
3820,Paco Diaz Luque
3822,Ernie Colon
3826,David Day
3832,Sholly Fisch
3834,Jack C. Harris
3842,Chris Tsuda
3843,Ed Simmons
3846,Jose Delbo
3850,Hollis Bright
3853,Eric Shanower
3862,Mike Collins
3878,Jason Balgobis
3883,Doug Murray
3885,Karl Story
3894,Tony Salmons
3895,Michael Gallagher
3899,Timothy Truman
3900,Gary Kwapisz
3904,Vince Evans
3912,Moebius
3916,Dan Fraga
12119,Roger R. Robinson
12120,David Messina
12125,Alejandro Barrionuevo Iribarne
3935,Roger Salick
3937,Bill Marimon
3940,Rafael Kayanan
3942,John Marks
12136,Annie Wu
3945,Elman Brown
3947,John Hebert
12146,Jesse Alan Hamm
3968,Ian Edginton
12162,Frederick Jan Van Lente
12166,Kate Brown
3975,Joe St. Pierre
3978,David Boller
12174,Al Ewing
3985,Chris Sprouse
3996,Jose Ladronn
3998,Steve Seagle
3999,Scott Clark
4000,Chris Carlson
12203,Filipe Daniel Moreno De Andrade
4013,Darko Macan
12208,Arthur Adams
4017,Mike Huddleston
4022,Arnie Jorgensen
4024,Joel Thomas
4027,Ben Herrera
4028,Wilfred Santiago
12226,Jean-Francois Beaulieu
4039,Bernard Chang
4042,Steve Crespo
4045,Chap Yaep
4046,Allen Im
4047,Steven Harris
4050,Gloria Vasquez
4052,German Garcia
4053,Stephen Platt
12246,James Starlin
4056,Aron Wiesenfeld
4060,Shon Bury
12253,Joshua Hale Fialkov
4065,Gregg Schigiel
4067,Rob Stull
12259,Riccardo Burchielli
4071,Juan Santacruz
12263,Corinna S. Bechko
4074,Walden Wong
4078,Jason Gorder
4090,G. L. Lawrence
12296,Clayton Thomas Mann
12297,Andre Lima Araujo
12298,Scott Hepburn
12299,Eric James Shanower
12300,Rock-He Kim
4118,Shannon Denton
12314,Stephane Roux
4124,Walter Mcdaniel
12319,Aaron Kim Jacinto
12320,Klebs Junior
4128,P. Woods
4144,Stan Kay
4145,Ruben Diaz
12338,Mukesh Singh
12339,Kevin Wada
4150,Paco Diaz
12343,Jennifer Van Meter
12344,Robert Scott Adsit
4160,Steve Mannion
12368,Greg Smallwood
12369,Gerardo Sandoval
12370,Piotr Kowalski
12371,Charles Soule
12372,Lee Allred
12374,Agustin Alessio
12375,Katie Cook
12377,Kevin Shinick
12381,David Ari Leon
12382,Guy Erez
12385,Carmen Carnero
12386,Mitchell Gerads
12389,Ron Ackins
12390,Jim Zub
12391,Derlis Santacruz
12392,David Lopez
12393,Michael Walsh
12394,Ales Kot
12395,Rock-He Kim
4205,Steve Oliff
12398,Jonathan Marks
12399,Robbi Rodriguez
12406,Marc Laming
12407,George Romero
12408,Michel Fiffe
12409,Giannis Milonogiannis
12411,Felipe Smith
12415,Brandon Seifert
12416,Tana Ford
12417,Raffaele Ienco
12418,Paul Scheer
12419,Nick Giovannetti
12421,Marco Rudy
12422,Garry Brown
12424,Freddie Willaims
12425,Enis Cisic
12426,Javier Garron
12427,Oliver Nome
12428,Jake Wyatt
12429,Gerard Way
4239,Jose Albelo
12431,Victor Ibanez
12433,Ron Wimberly
12434,Ariela Kristantina
12435,German Peralta
12436,Federico Santagati
12437,Stacey Lee
12438,Jeff Loveness
12439,The Original Writer
12440,Kevin Maurer
12441,Marguerite Bennett
12442,Ray Fawkes
12444,Robbie Thompson
12445,Jake Parker
12446,Dennis Medri
12447,Tom Taylor
12448,Yildiray Cinar
12449,Russell Dauterman
12450,James Tynion
4259,Rafael Marin
12452,Mike Costa
4261,Jorge Pereira Lucas
12451,Jorge Jiminez
12453,Ron Salas
4264,John Estes
4260,Francisco Ruiz Velasco
12459,Frank Barbiere
12460,Marco Failla
4269,Darwyn Cooke
12461,Dave Williams
12462,Andrea Sorrentino
12463,Andy Clarke
12464,Erica Henderson
12465,Ryan North
4275,Paul Pope
12466,Jorge Fornes
12469,Langdon Foss
12470,Christian Ward
12471,Filipe Andrade
12472,Jamal Campbell
12468,John Timms Moreira
12474,Cm Punk
12475,Noelle Stevenson
12476,Rob Guillory
12477,Marguerite Sauvage
4282,Dean Haspiel
12479,Jason Masters
12480,Szymon Kudranski
12481,Rich Ellis
12478,John Timms Moreira
12483,Nik Virella
12485,Nicole Virella
12486,Jacob Parker
12487,Peter Nguyen
12488,Luca Pizzari
12489,R.B. Silva
12490,Laura Braga
12491,Tigh Walker
12492,Ario Anindito
12493,Otto Schmidt
12494,Chip Zdarsky
12497,Jim Zubkavich
4306,Laura Martin
12500,Carmine DiGiandomenico
4309,Garry Leach
12502,Andrea Divito
12501,Corona Pilgrim
12504,Peter Krause
12505,Allen Nunis
12503,Ryan Lee
12509,Russ Manning
12512,Nicola Scott
12516,Walt Simonson
12517,Randy Stradley
12518,Kerry Gammill
4327,Michael Zulli
4330,Graham Nolan
12523,Randy Green
12524,Tim Truman
4333,Eric Stephenson
4332,Steve Rude
12525,David&amp;#233; Fabbri
12522,Doug Petrie
12529,Al Barrionuevo
4339,Jonathan Peterson
12534,Peet Janes
12535,Edvin Biukovic
12537,Mike Hansen
12538,Dave Ross
12540,Adam Gallardo
12543,Jim Woodring
4352,Jessica Ruffner
12545,Ryder Windham
12548,Dave Land
12549,Kevin Rubio
12550,Lucas Marangon
12551,Jesus Saiz
4367,Ryan Kelly
12559,Beau Smith
12562,Henry Gilroy
4371,Andy Schmidt
12571,Scott Allie
12574,C.B. Cebulski
12581,Chris Eliopoulos
12582,Jon Sommariva
12583,Chris Cerasi
12586,Timothy Green II
12590,Jon Adams
12595,W. Haden Blackman
12600,Jeremy Barlow
12601,Scott Kurtz
12603,Rick Geary
4412,Cory Sedlmeier
12607,Thomas Andrews
12612,Chris Scalf
12613,John Wagner
12617,Tom Veitch
4426,Dan Buckley
4427,Marc Andreyko
4430,Jeff Youngquist
12623,Bruno Redondo
12624,Juan Frigeri
12625,Tim Siedell
12628,Iván Fernández
12629,Dave Manak
12632,Anthony Daniels
12634,Jim Baikie
12635,Olivier Vatine
12636,Colin Wilson
12637,Art Wetherell
4451,Peter Sanderson
12644,Alan Robinson
12651,Omar Francia
12654,Kajo Baldisimo
12656,Michael A. Stackpole
12657,Alexander Freed
12658,Andrea Chella
4469,Richard Bennett
12664,Shin-Ichi Hiromoto
12671,Toshiki Kudo
12676,J. W. Rinzler
12678,Dan Brereton
12679,Chris Avellone
4488,Dan Norton
4493,Rob Jensen
12690,Patrick Blaine
12691,Paul Alden
12692,Rob Liefeld, Fabian Nicieza
4501,Ashley Wood
12694,Gustavo Duarte
12693,Alec Morgan
12696,Nico Leon
12697,Siya Oum
12699,Ed Brisson
4508,Steve Uy
12700,Andre Aruajo
12702,J.L. Giles
12704,Brian Kesinger
12705,Diogo Saido
4514,Steve Kim
12707,Alti Firmansyah
12708,Evan Doc Shaner
12709,Ramon Villalobos
12711,David Walker
12712,Donny Cates
12713,JJ Kirby
12714,Kelly Thompson
4523,Val Semeiks
12715,Juan Gedeon
4526,Anthony Winn
4538,Edgar Tadeo
4540,Dusty Abell
4541,Mat Broome
4544,Angel Unzueta Galarza
12737,Chris Sims
12738,Chad Bowers
12739,Riley Rossmo
4545,Wayne Robinson
12741,Ramon Bachs
4550,Steve Scott
12743,Michael Rosenberg
12742,Prudence Shen
12745,Hayden Sherman
4554,Wilson Ramos
12740,Dennis Culver
12749,Rhoald Marcellius
4559,Sunny Lee
12752,Brent Schoonover
12753,Ryan Ferrier
12754,Aaron Conley
12755,Logan Faerber
12751,Ramon Rosasnas
4565,Matt Nixon
12759,Christopher Hastings
4567,Ray Snyder
12762,Elmo Bondoc
12763,Jody Houser
12765,Natacha Bustos
4574,Ryan Bodenheim
12767,Vanesa Del Rey
12768,Jen Soska
12769,Sylvia Soska
12770,Aaron Alexovich
4579,Gerald DeCaire
12771,Matthew Rosenberg
12773,Daniel Warren Johnson
12774,Domo Stanton
12772,Patrick Kindlon
12776,Jason Copland
12779,Tom King
12780,David Navarrot
4589,Chris Alexander
4590,Luciano Lima
4591,Ramon Bernado
12782,Veronica Fish
4593,Warren Simons
12785,Amy Reeder
12781,Jose Molina
12789,More
12790,Danilo S. Beyruth
12791,Tara Butters
12792,Michele Fazekas
12795,Kevin Burke
12796,Mario DelPennino
12798,Amy Chu
12799,Ryan Browne
12800,Afu Chan
12801,Annapaola Martello
4610,Scripter
12802,Ben Caldwell
12805,Mairghread Scott
12806,Joelle Jones
12807,Chelsea Cain
12808,Kate Niemczyk
12809,Gerardo Zaffino
12811,SOUTCH SOUTCH
12812,JL Mast
12815,Andrea Broccardo
4624,Cedric Nocon
12816,Chuck Wendig
12817,Emilio Laiso
12818,Will Corona Pilgrim
12819,Jeff King
12820,F Flaviano
12821,Eric Palicki
12822,Paolo Villanelli
12823,Jorge Coelho
12825,Leonardo Romero
12824,Tara Butters
4637,John Ridgeway
12830,Geoffo
12831,Scott Aukerman
12829,Rahmat Handoko
12836,Ruth Gage
4645,Nova Ren Suma
12838,Jeremy Whitley
12839,Ben Acker
12840,Ben Blacker
12841,Tula Lotay
12842,Nathan Stockman
12837,Chris Gage
12844,A CO
12843,Nick Kocher
12846,Javier Pina
12847,Chuck Brown
12848,Chris Visions
4658,Cary Burkett
12851,Anthony Piper
4661,Joe Brozowski
12854,Paul Allor
12855,Diego Olortegui
12856,Juanan Ramirez
12859,Mike Miller
12860,John Allison
12861,Derek Landy
12862,Rosi Kampe
12863,Irene Strychalski
12864,Flaviano
12865,Raymund Bermudez
12866,James Patterson
12869,Brandon Easton
12870,Alison Sampson
12871,Ollie Masters
4681,Vincent Evans
12875,Ricardo LÓpez Ortiz
12876,Joshua Corin
12879,Ibrahim Moustafa
12880,Ian Doescher
12885,Will Robson
12886,Geoffrey Thorne
12888,James Stokoe
12890,Leila Del Duca
12892,SI YEON PARK
12893,JI EUN PARK
12894,JAE SUNG LEE
12895,MIN JU LEE
12896,JAE WOONG LEE
12897,Hee Ye Cho
12898,IN YOUNG LEE
12899,Woo Bin Choi
12902,Kim Jacinto
12903,Wallace Wood
4714,Norman Felche
12907,William Graham Jr.
12909,Trevor von Eedon
12910,Jay Fosgitt
12915,Wilfredo Torres
12917,Nilah Magruder
12918,Brian Level
12919,Katherine Brown
12921,Thony Silas
4731,Scott Hampton
4732,Brian Smith
12925,Djibril Morissette-Phan
12924,Martin Morazzo
12932,Wayne Brady
12933,Jonathan Magnum
12934,Sina Grace
12935,Rex Ogle
12936,Sean Izaakse
12937,Penn Jillette
12939,Ron Fortier
12940,Roxane Gay
12941,Yona Harvey
12943,Jason Muhr
12944,Edgar Salazar
12945,Mariko Tamaki
12946,Myisha Haynes
12947,Nicole Perlman
12948,Margaret Stohl
12950,Eric Koda
12951,Val Semekis
12952,Daniel Govar
12953,Todd Casey
12954,Elliott Casey
12955,Ro Stein
12956,Ted Brandt
12957,Method Man
12958,Balak
12959,Cedric Tchao
12961,Elsa Charretier
12962,Charlamagne tha God
12963,Matt Owens
12964,Christopher Allen
12966,Matt Horak
12968,Guillermo Sanna
12969,Ardian Syaf
12972,Leah Williams
12973,Gabby Rivera
12979,Aaron Kuder
4790,Alan Grant
12983,Dan Slott
4792,Todd Smith
4794,Steve Carr
4795,Deryl Skelton
4796,Keith Aiken
12989,Jordie Bellaire
12991,Rachelle Rosenberg
12995,Nelson Blake II
12998,Jan Bazaldua
12999,Will Sliney
13004,Kevin Libranda
13007,Ro Stein
13008,Ruth Redmond
13011,Tyler Crook
13012,Bruno Oliveira
13015,Robbie Thompson
13017,Bryan Edward Hill
13018,Ricardo Lopez-Ortiz
13020,Jahnoy Lindsay
13022,R.L. Stine
13024,Hannah Blumenreich
13026,Jeffrey Veregge
13029,Guillermo Sanna
13031,Juann Cabal
13032,Matthew Owens
13033,Nico Leon
4841,Howard Purcell
13034,Miguel Sepulveda
4844,Steve Parkhouse
13035,R.L. Stine
13040,Adam Gorham
13042,Mike Mckone
13047,Rob DiSalvo
13049,Gabby Rivera
4858,Margaret Clark
13053,Max Bemis
13054,Zac Gorman
13055,Richard Isanove
4866,Tina Chrioproces
13059,Fred Van Lente
13061,Cory Smith
13063,Edgar Salazar
13066,Chris Sims
4874,Joe Barney
13068,J. Scott Campbell
13069,Jen Bartel
13071,Julian Lopez
13076,Chris Mccarver
4885,Michael Lopez
4886,Will Murray
13077,Daron Jensen
13081,Saladin Ahmed
13082,Goran Sudzuka
13084,Nicholas Kocher
13087,Mario Del Pennino
13089,Wellinton Alves
13092,Dennis O'neil
13094,Dave Hunt
13095,James Sherman
13098,Rafael Pinto Albuquerque
13099,Susan K. Putney
13100,Jeph York
13106,Joshua Cassara
13110,Robert Gill
13111,Aud Koch
13113,Rembert Browne
13115,M Mast
4926,Alvin Lee
4927,Omar Dogan
13119,Francesco Gaston
13123,Chad Bowers &amp; Chris Sims
13124,Alec Morgan
13125,Karla Pacheco
13126,Georges Duarte
13128,Nick Roche
13129,Mack Chater
13132,Ivan Cohen
13137,Clay Chapman
13138,In-Hyuk Lee
13141,Michele Bandini
13142,Yusaku Komiyama
13144,Michael Avon Oeming
4953,Bob Gale
4954,Phil Winslade
13146,Danny Miki
13147,Juan Santacruz
13152,Joe Quesada
4960,Manuel Gutierrez
13154,Rainbow Rowell
13155,Mike Bowden
13156,Magdelene Visaggio
13164,Elliott Kalan
13165,M.C. Wyman
13168,Chuck Brown
4981,Steve Kurth
13173,Rodney Barnes
4983,Paul Tobin
13175,Marco Lorenzana
13176,Marc Borstel
4986,Robert Louis Stevenson
4987,Mario Gully
13179,Alex Arizmendi
4989,Nic Klein
4990,Kevin Grevioux
13183,J.M. DeMatteis
4992,Simon Bowland
4991,Frank Martin
4994,Kalman Andrasofszky
4995,Eric Nguyen
13186,Kelley Jones
13189,Kazuki Baba
4996,Mark Miller
4999,Steve Pugh
13191,Charles Nicholas Wojtkoski
13190,Arvell Jones
5003,Simone Peruzzi
13196,John Romita Jr.
13198,Gardner Fox
5007,Eric Powell
13199,Marika Cresta
13205,Lilah Sturges
5013,David Wiltfong
5015,Rodney Buchemi
13208,Nnedi Okorafor
13206,Justin Jordan
13209,Douglas Franchin
5019,Hugo Petrus
5021,Paul Benjamin
5022,David Nakayama
5026,Shawn Martinbrough
5027,Chris Moreno
13219,Caspar Wijngaard
5029,Eric Basaldua
13222,Sebastian Carrillo
5033,Clint Langley
13225,Alberto Alburquerque
13226,Robert Cassell
5036,Carlos Ferreira
13228,Michael Shelfer
5039,Wellington Alves
13231,Brian Churilla
5040,Tim Daniel
13233,Evan Narcisse
13232,Ethan Sacks
5044,Marc Silvestri
5043,Steve Leiber
13235,Geoffrey Shaw
13239,Simone Buonfantino
13236,Guiu Vilanova
13240,Diego Bernard
13241,Ed Piskor
13234,Christa Faust
5052,Jimmy Palmiotti
13245,Jose Luis
13251,Salva Espin
13254,Alitha E. Martinez
13257,Giada Marchisio
5068,Alberto Ponticelli
13262,Dan Chichester
13264,Jose Luis
5075,Bobbie Chase
13268,Peter B. Gillis
13270,Daniel Kibblesmith
13272,John Romita Sr.
13276,C.F. Villa
13278,Ruy Jose
13279,Christopher Sebela
13280,Damian Couceiro
5091,Robin D. Laws
13283,Gang Hyuk Lim
13287,Monty Nero
13292,Scott Mcdaniel
13293,Daerick Gross
13296,Ryan Ottley
5105,Pop Mhan
5106,Scot George Eaton
13297,Zac Thompson
5107,Patrick Olliffe
13298,Lonnie Nadler
13302,P. Craig Russell
13299,Martin Simmonds
4272,Scott Levy
5113,John Bosco
13300,Gary Whitta
13305,Martha Thomases
13308,Roberto De La Torre
13309,Elizabeth Dismang Breitweiser
5119,Mike Lilly
13314,Carl Pfeuffer
5124,Dan Lawlis
5125,Walter M. Simonson
5126,Barry Smith
5127,Travis Charest
13319,Pat Olliffe
5128,David Morrell
5131,Shawn Moll
5133,Farel Dalrymple
5134,Jonathan Lethem
5135,Karl Rusnak
13328,Brian Clevinger
5136,Paul Hornschemeier
5138,Cafu
5139,Amilton Santos
13330,Jess Ruffner
13329,Jess Ruffner
5142,Rich Koslowski
5143,Dave Wilkins
5144,Kathryn Immonen
5145,M. Zachary Sherman
13336,Jeff Moore
5147,Gregg Hurwitz
5140,Francis Tsai
13341,Dynamite Steve Sadowski
13342,Dynamite Jim Krueger
13347,Shon C. Bury
5158,Rafa Sandoval
13350,Marcio Fiorito
13352,Mike Zeck
5160,Philip J. Noto
13359,Top Cow Marc Silvestri
13363,Jorge Lucas
5178,Mike Baron
13370,Alex Jubran
13372,Alex Irvine
5180,Rico Rival
5179,Seth Biederman
13376,Ale Garza
5187,Evan Dorkin
13388,Steve Harris
13389,Matt Smith
13390,Ivan Velez
13401,Stephen Parkhouse
13403,G Geoffo
13406,Jelena Kevic Djurdjevic
13413,Mattia De Iulis
13416,Freddie E. Williams
13417,Neurotic Cartoonist
13424,Gregory Ben Larocque
5237,Gregory Wright
13437,Frank Marraffino
5249,Aubrey Sitterson
13442,Chuck Bb
5251,Vc Joe Caramagna
13443,Dio Neves
13445,Eliot R. Brown
13444,Jon J. Muth
13447,Philip Bond
13453,Eliot S. Maggin
13456,Trevor Von Eeden
13459,Phil Noto
5268,Jim Calafiore
13463,Timothy Green II
13466,Roger Robinson
13467,Patrick C. Duke
5278,Trina Robbins
13471,Jed Mackay
13470,Sheldon Vella
13473,Brian Ching
13474,John Jackson Miller
13489,Aaron Covington
13492,Guillermo Mogorron
13493,Marcelo Frusin
13494,Joey Vazquez
13499,Rob Bock
13504,Daniel Valadez
13510,Sebastian Cabrol
5319,Stockbridge Winslow
5320,Irwin Hasen
5323,Fred Bell
13522,Charles Viola
13526,Derek Charm
13535,John Ney Rieber - Duplicate
13536,Tini Howard
13537,Dylan Burnett
5345,John Compton
13539,Robert Quinn
13540,Francesco Manna
13541,Fiona Kelly
5357,Chris Warner
13550,David Hein
5359,Mike Kanterovich
13554,Simone DI Meo
5362,Jerry Novick
13556,Seanan Mcguire
13558,Juan Ferreyra
13559,Andres Genolet
13560,Ryan Cady
5367,Scott Benefiel
13561,James Towe
13563,Emily Lerner
13562,Max Dunbar
13567,Mike Deodato Jr.
13568,Marie Javins
13570,Amanda Conner
13572,Si Spurrier
13573,Rob Fee
13574,Michael Allred
13575,Eve Ewing
13576,Daniele DI Nicuolo
13577,Cathy Leamy
13578,Anthony Del Col
5392,Fred Schiller
5393,Ken Mcdonald
13586,Joe Caramagna
13588,Jay Baruchel
13590,Vita Ayala
13591,Mirka Andolfo
5401,Jack Harris
13595,Erica D'URSO
13599,Ken Siu-Chong
13600,Alan Tam
13602,Francesco Mobili
13604,Marcelo Ferreira
13605,Odin Austin Shafer
13606,Nina Vakueva
13607,Nyla Innuksuk
13609,Lennie Herman
13612,Joshua Fialkov
13613,Naomi Franquiz
13614,Benjamin Percy
13617,Luca Maresca
13618,James Beard
13619,Roge Antonio
13620,Shea Anton Pensa
13622,Brent Peeples
13623,Ruairi Coleman
13624,Phillip Kennedy Johnson
13625,Ta-Nehisi Coates
13631,Minkyu Jung
13633,Ana Murillo
13638,Jj Kirby
13640,Meredith Finch
13648,The McElroys
13649,Wilton Santos
13651,Michael Dowling
13652,Lalit Kumar
13656,Bria Lavorgna
13657,Bryan Young
13661,Roberto Aguirre-Sacasa
13666,Daniel Hipp
13669,Nao Fuji
13671,Mattea Di Lulis
13672,Rachael Stott
13678,Stephen Mooney
13682,PEACH MOMOKO
13684,John O'Bryan
13687,Gadson of Tan Comics
13688,Haining of Tan Comics
13689,C Cafu
13692,Moy Rodriguez
5501,Jon Favreau
13698,Belen Ortega
13699,Maria Lapham
13701,Jackson Guice
13702,Leo Fernandez
13703,Federico Vicentini
13704,Claire Roe
13705,Keaton Patti
13706,Lucas Werneck
13707,Dana Schwartz
13712,Alex Lins
5521,George Lucas
13714,Cris Loureiro Bolson
13718,Donald F. Glut
13720,Nick Robles
13723,Javier Fernandez
13729,Erik Burnham
13736,S Soutch
13743,Jon Lam
13744,Cian Tormey
13745,Charlie Jane Anders
13746,Anna-Maria Cool
13750,Phillip Kennedy Johnson
13756,Josh Trujillo
13757,Ram. V.
13759,James Calafiore
13763,Martin Egeland
13765,Randall Green
13767,Michael Collins
13768,Win Mortimer
13769,Bill Mantlo
13772,Tom Virkaitis
13773,Mark Simmons
5591,Will Meugniot
13786,Brian Thies
13793,Thomas Tenney
13804,Scot Eaton
13816,Angel Unzueta
5625,Duane Swierczynski
5626,Jefte Paolo
5630,David Vonallman
5631,Harvey Talibao
5632,Oscar Wilde
5633,Sebastian Fiumara
5634,Aleksi Briclot
5635,Simon Spurrier
5636,Tan Eng Huat
5639,Jamison Services
5640,Jacob Rougemont
13834,Chris Cross
13835,Dana Perkins
13854,Joe Albelo
13857,Jimmy Gomez
13861,Christopher Cantwell
13869,Juan Samu
13870,Sweeney Boo
13871,Sam Maggs
13872,Fico Ossio
13873,Delilah S. Dawson
13874,Davide Tinto
13877,Rafael Nieves
13879,Jonas Scharf
13883,Adam Goldberg
13896,Well-Bee
13898,Ze Carlos
5708,JOE MADUREIRA CHRISTIAN LICHTNER
5709,Christian Lichtner
13900,Zoe Quinn
5713,Chris Moeller
13905,Salvador Espin
5715,Daniel Merlin Goodbrey
13909,Kei Zama
5718,Alexandre Dumas
13912,Alex Sviuk
13913,Nel Tomitov
13914,Viktor Bogdanovic
5723,Andrew Farago
13915,Niko Walter
13917,Alyssa Wong
13918,Greg Ruth
13919,Fonda Lee
13920,Billy Patton
5729,Anthony Castrillo
5731,Homer
5738,Zach Howard
5739,Wayne Nichols
13932,Dike Ruan
5747,Rags Morales
13940,Barbara Kesel
13942,Dice Shimi
5752,J. G. Jones
13944,Robin Laws
13947,Mark Nelson
13948,Philippe Bouchet
13949,Jean-David Morvan
13950,Alexandra Hain-Cole
13953,Marcos Tetelli
5764,Ron Frenz
13958,Jack D'ARCY
13971,#X
13972,Rock-He Kim
13973,Matias Bergara
13974,Tom Reilly
13976,Michael O'hare
13983,Alyssa Ragni
5792,Marshall Rogers
13986,Jim Alexander
13987,Stephen Poole
13989,Mark Russell
13990,Benjamin Truman
5814,Richard Levins
5815,Steven Butler
5816,George Freeman
14011,James Pruett
5823,Danilo Bulanadi
14017,Torunn Gronbekk
14023,Mat Johnson
14025,Al Feldstein
14028,David Muller
14029,Jack Slamn
14031,Jonathan Rinzler
14032,Mike Pellowski
14034,Melvin Borillo Rubi
14035,Christina Z
5845,Trevor Mccarthy
14041,Gene Yang
14042,Kalinda Vazquez
5851,M. C. Wyman
14043,Sarah Dyer
14045,Danny Lore
14047,Sajan Saini
14054,Matthew Groom
14056,Maurene Goo
5866,Lysa Hawkins
14058,B. Earl
14061,Alex Paknadel
14063,G Gurihiru
14064,Brian K Vaughn
14065,Christopher Ruocchio
14068,Steven Deknight
14071,Cavan Scott
14072,Mitch O'connell
5884,Mark Pajarillo
14092,William Meugniot
14093,Dino Castrillo
5910,Nick Gnazzo
14104,Steve Orlando
5913,Jorge Gonzalez
5922,John Marasigan
5927,Marty Egeland
5928,Howard M. Shum
14120,Jordan Blum
5933,Patrick Gleason
5936,Liam Sharpe
14129,Darcie Little Badger
14132,Patton Oswalt
14134,David Cutler
14138,John Ridley
5948,Mike Dringenberg
14141,Rebecca Roanhorse
14143,Nadia Shammas
14145,Anthony Oliveira
14146,Doug Rice
5956,Christopher Golden
14148,Crystal Frasier
14150,Tochi Onyebuchi
14151,Anthony Falcone
14149,Marc Bernadin
14153,Stephanie Renee Williams
5963,Malibu Hues
14158,Angelique Roche
14159,Collin Kelly
14160,Jackson Lanzing
14161,Juan Ponce
5971,Manny Clark
14166,Rafael De Latorre
14167,Jethro Morales
5977,ChrisCross
5982,Richard Pace
14174,Alberto Foche Duarte
14175,Sergio Davila
14177,Eduardo Ferigato
14180,Gunji
14181,Shuizhu
14183,Enid Balam
14184,Terry Blas
14186,Arianna Florean
14191,Zack Davisson
6001,Fabian Nicieza
6002,Tim Hamilton
14210,Kyle Charles
14219,Cody Ziglar
14220,Alessandro Cappuccio
14224,Mohale Mashigo
14226,Walter Mosley
6049,Danny Fingeroth
14243,Michael Mellor
6060,Scott Alan McDaniel
14259,Oh Sheeps
14260,Kevin Bolk
14263,Justina Ireland
14269,Jason Loo
6080,Tod Smith
6082,Paris Cullins
14277,Daniel Older
6086,Geoff Senior
14279,Samira Ahmed
14281,Federico Sabbatini
14284,Dennis O'Neil
14285,Martin Coccolo
14288,Ivan Fiorelli
14289,Marieke Nijkamp
14294,Jason Holtham
14301,Alex Segura
14303,Victor Lavalle
6112,Hector Gomez
14313,Julius Ohta
14316,Yehudi Mercado
14317,Alba Glez
14319,David Pepose
14322,Sanshiro Kasama
6140,Ivan Velez Jr.
14332,Richard Douek
14335,Jan Bazaldua
6143,J.H. Williams III
6145,Kilian Plunkett
6146,Avalon Studios
6148,Brandon Badeaux
6152,Buddy Scalera
14355,Steve Foxe
14357,Jesus Redondo
6170,Olivier Coipel
14367,Luigi Zagaria
14369,Dotun Akande
14370,Murewa Ayodele
14374,Julian Shaw
14377,Erica Schultz
14397,Nyla Rose
6217,Walter Taborda
14417,Netho Diaz
14422,Rob Liefeld, Jim Valentino
14423,Rob Liefeld, Jim Valentino, Jeph Loeb
14424,Rob Liefeld, Jeph Loeb
6233,Deon Nuckols
14425,Rob Liefeld, Eric Stephenson
14426,Rob Liefeld, Brandon Thomas
14428,Stephanie Phillips
14431,Zoraida Cordova
14442,Tee Franklin
6257,Ernie Chan
14456,Nikesh Shukla
14464,Jeremy Adams
6284,Nick Napolitano
6291,Peter Bagge
6301,Brett Matthews
6308,Carole Seuling
6325,John Heebink
6343,Tom Scheuer
6345,Dan De Carlo
6346,Jason Lethcoe
9409,Sarah Blankier
6473,Juan Ortiz
6492,Jean Thomas
6520,Michael Kaluta
6529,Don Thompson
6530,Maggie Thompson
6532,Bob Wakelin
6588,David Ross
6598,Craig Hamilton
6628,Kevin Knowlan
6650,Josef Rubinstein
6731,Carl Burgos Bill Everett
6738,Udon Studios
6760,Jon Jay Muth
6767,Julianna Jones
6805,Carlos Meglia
6831,Wendy Pini
6868,Geof Isherwood
12766,Xermanico Xermanico
6901,Len Kaminski
6918,John Hixson
6920,Mark Tenney
6924,Peter Gross
6934,David Quinn
6935,Kev F Sutherland
6968,Sal Trapani
6986,J. M. DeMatteis
7058,Naomi Basner
7119,Paul Chadwick
7184,Joe Harris
7190,Skottie Young
7218,Julia Bacellar
7219,Michel Lacombe
7231,Michael Golden
7245,Adam Hughes
7249,Eduardo Risso
7263,HERMAN MELVILLE
7267,JAMIE TOST
7284,GARY PANTER
7324,Gary Hallgren painting
7330,Dave Simms
7340,Larry Antonette
7375,David Lafuente
7384,Joshua Hood
7385,Marcelo Dichiara
7413,Paulo Siqueira
7431,Greg Scott
7451,Joe Pokaski
7515,DUANE SWIERCZYSNKI
7528,Horacio Domingues
7546,Guisseppe Cammuncoli
7553,JEPH YORK
7608,Flint Henry
7620,Doug Wheatley
7623,Glenn Herrling
7626,John Kuramoto
7627,Paul Lee
7639,John Barber
7644,John Cerilli
7654,Tomer Hanuka
7656,Dynamite Patrick Berkenkotter
7662,CLAUDIO VILLA
7663,Tito Faraci
7668,Cam Kennedy
7692,PAOLO PANTALENA
7707,JHEREMY RAAPACK
7708,Benton Jew
7709,Adam Felber
7718,Sanford Greene
7722,Valentine Delandro
7728,FRANCIS PORTENA
7736,Das Pastoras
7739,Cliff Nielsen
7740,Terese Nielsen
7776,Jimmy Janes
7778,Carl Wessler
7804,Tom Artis
7816,Glenn Dakin
7843,Todd Klein
7857,Abby Denson
7891,Amilcar Pinna
7894,Fred Van Lente
7909,Pere Perez
7913,William Harms
7918,BRIAN PATCHETT
7921,XURXO PENALTA
7933,Nancy Hajeski
7934,CHRISTOPHER SHY
7935,Sheila Johnson
7957,Scott Snyder
7964,Andy Macdonald
7978,Adam Glass
7979,Adam Pollina
7981,Adam Santangelo
7983,Agustin Padilla
7984,Akihide Yanagi
7988,Alan Evans
7997,Alberto Saichann
8003,Alex Garner
8004,Alex Lear
8009,Alex Zalben
8012,Alina Urusov
8013,Allan Jefferson
8024,Andre Coates
8025,Andres Coelho
8027,Andres Mossa
8035,Andy Mangels
8042,Angelo Decesare
8047,Anthony Dial
8049,Antonio Fuso
8055,Aron Coleite
8064,Audrey Loeb
8068,Bing Cansino
8094,Becky Cloonan
8098,Bengal
8099,Benny Powell
8105,Bill Galvan
8113,Blake Bell
8116,Bob Burden
8123,Bob Greenberger
8125,Bob Mcleod
8127,Bob Sharp
8132,Boo Cook
8138,Brad Walker
8139,Bradley Parker
8140,Brandon Mckinney
8146,Brett Greene
8149,Brian Hagan
8152,Brian Keene
8155,Brian O'Dell
8168,Bruce Canwell
8174,Bryan J.L. Glass
8178,C.P. Smith
8187,Carlos Alberto Fernandez Urbano
8190,Carlos Rodriguez
